CollegeName,Branch,GOPEN,GOBC,ST,SC,NT1,NT2,NT3,TFWS,,,,,,,
"Pune Institute of Computer Technology, Dhankavdi, Pune",Computer Engineering,99.68 ,99.44 ,"78.08
",96.63,"99.22
",98.03,99.3,99.72,,,,,,,
"Pimpri Chinchwad Education Trust, Pimpri Chinchwad College of Engineering, Pune",Computer Engineering,98.92 ,98.41 ,"61.3
","95.89
","94.17
","96.85
","97.82
","99.3
",,,,,,,
"Pune Vidyarthi Griha's College of Engineering and Technology, Pune",Computer Engineering,98.35 ,97.65 ,"40.48
","92.46
","95.37
","0
","0
","98.71
",,,,,,,
"Pimpri Chinchwad Education Trust's Pimpri Chinchwad College Of Engineering And Research, Ravet",Computer Engineering,97.46 ,96.41 ,"97.31
","92.44
","90.69
","90.86
","0
","98.14
",,,,,,,
"K. K. Wagh Institute of Engineering Education and Research, Nashik",Computer Engineering,96.7 ,95.43 ,"87.09
","87.91
","88.26
","0
","96.03
","98.13
",,,,,,,
"Progressive Education Society's Modern College of Engineering, Pune",Computer Engineering,96.66 ,94.95 ,"96.64
","87.91
","0
","0
","92.12
","97.75
",,,,,,,
"All India Shri Shivaji Memorial Society's College of Engineering, Pune",Computer Engineering,96.6 ,96.33 ,"20.55
","90.98
","0
","95.85
","0
","97.75
",,,,,,,
"Government College of Engineering & Research, Avasari Khurd",Computer Engineering,96.17 ,95.52 ,"85.93
","93.93
","91.69
","92.68
","94.32
","97.71
",,,,,,,
"Dr. D. Y. Patil Pratishthan's D.Y.Patil College of Engineering Akurdi, Pune",Computer Engineering,96.09 ,96.6 ,"95.81
","91.65
","89.71
","94.85
","95.32
","98.56
",,,,,,,
"Sinhgad College of Engineering, Vadgaon (BK), Pune",Computer Engineering,95.12 ,94.03 ,"94.63
","82.2
","86.5
","93.17
","91.18
","97.88
",,,,,,,
"All India Shri Shivaji Memorial Society's Institute of Information Technology,Pune",Computer Engineering,95.02 ,94 ,"94.98
","87.21
","0
","92.7
","93.89
","98.41
",,,,,,,
"Pad. Dr.D.Y.Patil Institute of Engineering, Management & Reseach, Akurdi, Pune",Computer Engineering,95.01 ,91.76 ,"92.96
","76.76
","87.27
","91.66
","0
","94.64
",,,,,,,
"Amrutvahini Sheti & Shikshan Vikas Sanstha's Amrutvahini College of Engineering, Sangamner",Computer Engineering,94.8 ,92.71 ,"94.5
","81.95
","78.42
","91.57
","89.91
","97.92
",,,,,,,
"Nashik District Maratha Vidya Prasarak Samaj's Karmaveer Adv.Babaurao Ganpatrao Thakare College of Engineering, Nashik",Computer Engineering,93.99 ,92.22 ,"57.58
","63.51
","0
","0
","0
","95.27
",,,,,,,
"Marathwada Mitra Mandal's College of Engineering, Karvenagar, Pune",Computer Engineering,93.65 ,92.01 ,"93.4
","72.69
","73.01
","78.17
","0
","94.67
",,,,,,,
"Modern Education Society's College of Engineering, Pune",Computer Engineering,92.95 ,91.23 ,"92.67
","92.73
","79.92
","0
","92.1
","95.9
",,,,,,,
"Dr. D. Y. Patil Vidya Pratishthan Society Dr .D. Y. Patil Institute of Engineering & Technology, Pimpri,Pune",Computer Engineering,92.78 ,90.11 ,"91.17
","74.06
","85.59
","82.63
","89.01
","95.58
",,,,,,,
"Sinhgad Technical Education Society's Smt. Kashibai Navale College of Engineering,Vadgaon,Pune",Computer Engineering,91.42 ,86.4 ,"90.32
","65.55
","77.42
","85.2
","83.1
","94.97
",,,,,,,
"Nutan Maharashtra Vidya Prasarak Mandal, Nutan Maharashtra Institute of Engineering &Technology, Talegaon station, Pune",Computer Engineering,91.05 ,83.15 ,"96.39
","53.42
","9.49
","0
","0
","95.12
",,,,,,,
"JSPM'S Jaywantrao Sawant College of Engineering,Pune",Computer Engineering,89.64 ,82.13 ,"89.2
","64.4
","47.97
","80.06
","0
","93.18
",,,,,,,
"Bharati Vidyapeeth's College of Engineering,Lavale, Pune",Computer Engineering,89 ,85.5 ,"88.58
","85.31
","0
","83.48
","89.25
","95.31
",,,,,,,
"NBN Sinhgad Technical Institutes Campus, Pune",Computer Engineering,88.66 ,84.63 ,"83.1
","13.51
","40.29
","61.38
","0
","88.58
",,,,,,,
"Dhole Patil Education Society, Dhole Patil College of Engineering, Wagholi, Tal. Haveli",Computer Engineering,88.62 ,78.12 ,"68.89
","33.09
","60.5
","40.75
","0
","91.41
",,,,,,,
"Sinhgad Technical Education Society, Sinhgad Institute of Technology and Science, Narhe (Ambegaon)",Computer Engineering,88.57 ,87.4 ,"81.73
","2.39
","0
","57.6
","0
","91.19
",,,,,,,
"JSPM's Imperial College of Engineering and Research, Wagholi, Pune",Computer Engineering,88.49 ,86.54 ,"84.32
","34.58
","0
","0
","0
","92.9
",,,,,,,
"Pravara Rural College of Engineering, Loni, Pravaranagar, Ahmednagar.",Computer Engineering,87.64 ,85.81 ,"85.48
","58.29
","86
","83.92
","0
","95.1
",,,,,,,
"Vidya Pratishthan's Kamalnayan Bajaj Institute of Engineering & Technology, Baramati Dist.Pune",Computer Engineering,87.63 ,87.46 ,"86.98
","68.59
","0
","85.92
","0
","95.09
",,,,,,,
"Indira College of Engineering & Management, Pune",Computer Engineering,87.59 ,80.11 ,"83.25
","64.24
","22.16
","76.04
","61.35
","90.26
",,,,,,,
"Gokhale Education Society's, R.H. Sapat College of Engineering, Management Studies and Research, Nashik",Computer Engineering,86.31 ,76.9 ,"66.83
","10.94
","45.55
","74.77
","78.67
","94.15
",,,,,,,
"TSSMS's Pd. Vasantdada Patil Institute of Technology, Bavdhan, Pune",Computer Engineering,86.21 ,82.78 ,"50.79
","47.59
","0
","79.52
","77.5
","92.81
",,,,,,,
"K. J.'s Educational Institut Trinity College of Engineering and Research, Pisoli, Haveli",Computer Engineering,86.16 ,24.2 ,"24.45
","33.65
","45.24
","16.26
","0
","87
",,,,,,,
"JSPM Narhe Technical Campus, Pune.",Computer Engineering,85.1 ,78.37 ,"84.7
","18.4
","8.81
","52.25
","0
","90.88
",,,,,,,
"Samarth Group of Institutions, Bangarwadi, Post Belhe Tal. Junnar Dist. Pune",Computer Engineering,84.78 ,0 ,"38.91
","41.4
","0
","31.09
","0
","74.42
",,,,,,,
"TSSM's Bhivarabai Sawant College of Engineering and Research, Narhe, Pune",Computer Engineering,84.29 ,65.62 ,"81.2
","23.98
","0
","16.26
","0
","90.45
",,,,,,,
"Shivnagar Vidya Prasarak Mandal's College of Engineering, Malegaon Baramati",Computer Engineering,84.27 ,76.59 ,"61.19
","22.2
","61.72
","0
","71.84
","88.2
",,,,,,,
"MET Bhujbal Knowledge City MET League's Engineering College, Adgaon, Nashik. Un Aided",Computer Engineering,84.27 ,79.34 ,"79.23
","38.5
","71.15
","59.52
","84.24
","94.39
",,,,,,,
"D. Y. Patil College of Engineering, Ambi, Talegaon, Maval",Computer Engineering,83.71 ,56.44 ,"77.15
","16.52
","31.7
","68.02
","70.89
","85.37
",,,,,,,
"Sandip Foundation, Sandip Institute of Technology and Research Centre, Mahiravani, Nashik",Computer Engineering,83.06 ,70.31 ,"66.32
","62.7
","64.14
","0
","71.58
","89.47
",,,,,,,
"Sinhgad Academy of Engineering, Kondhwa (BK) Kondhwa Saswad Road, Pune",Computer Engineering,81.71 ,64.23 ,"80.11
","2.34
","36.97
","19.77
","69.15
","90.18
",,,,,,,
"Universal College of Engineering & Research, Sasewadi",Computer Engineering,81.51 ,57.3 ,"0
","0
","0
","0
","0
","52.51
",,,,,,,
"Dr. D. Y. Patil School OF Engineering, Lohegaon, Pune",Computer Engineering,80.78 ,76.96 ,"76.22
","29.96
","0
","72.71
","61.81
","88.76
",,,,,,,
"Jayawant Shikshan Prasarak Mandal, Bhivarabai Sawant Institute of Technology & Research, Wagholi",Computer Engineering,80.74 ,78.93 ,"71.72
","21.12
","0
","48.63
","69.81
","91.49
",,,,,,,
"Jaihind College Of Engineering,Kuran",Computer Engineering,80.31 ,57.92 ,"42.57
","51.55
","54.74
","31.31
","0
","85.53
",,,,,,,
"Pune District Education Association's College of Engineering, Pune",Computer Engineering,76.02 ,68.12 ,"72.44
","0.65
","0
","74.29
","0
","89.83
",,,,,,,
"Pravara Rural Education Society's Sir Visvesvaraya Institute of Technology, Chincholi Dist. Nashik",Computer Engineering,75.9 ,14.16 ,"69.38
","52.48
","32.62
","10.05
","70.95
","89.35
",,,,,,,
"Rajiv Gandhi College of Engineering, At Post Karjule Hariya Tal.Parner, Dist.Ahmednagar",Computer Engineering,74.81 ,3.26 ,"0
","1.41
","0
","0
","42.1
","66.66
",,,,,,,
"Zeal Education Society's Zeal College of Engineering & Reserch, Narhe, Pune",Computer Engineering,74.17 ,59.62 ,"67.07
","20.04
","18.94
","23.01
","0
","88.94
",,,,,,,
"Marathwada Mitra Mandal's Institute of Technology, Lohgaon, Pune",Computer Engineering,73.05 ,55.66 ,"72.86
","70.24
","20.19
","64.72
","60.18
","93.8
",,,,,,,
"D. Y. Patil Institute of Engineering and Technology, Ambi",Computer Engineering,71.03 ,52.68 ,"49.11
","10.9
","12.16
","0
","0
","84.01
",,,,,,,
"Guru Gobind Singh College of Engineering & Research Centre, Nashik.",Computer Engineering,69.88 ,60.46 ,"73.45
","30.71
","28.18
","54.08
","0
","87.65
",,,,,,,
"Sandip Foundation's, Sandip Institute of Engineering & Management, Nashik",Computer Engineering,69.45 ,58.75 ,"56.75
","58.43
","0
","4.24
","67.98
","89.28
",,,,,,,
"Ahmednagar Jilha Maratha Vidya Prasarak Samajache, Shri. Chhatrapati Shivaji Maharaj College of Engineering, Nepti",Computer Engineering,69.3 ,59.85 ,"46.53
","40.33
","46.7
","51.31
","49.61
","91.98
",,,,,,,
"SNJB's Late Sau. Kantabai Bhavarlalji Jain College of Engineering, (Jain Gurukul), Neminagar,Chandwad, (Nashik)",Computer Engineering,66.5 ,0 ,"0
","0
","0
","0
","0
","88.69
",,,,,,,
"Dr. D. Y. Patil Educational Academy's, D.Y.Patil School of Engineering Academy, Ambi",Computer Engineering,64 ,61.03 ,"48.6
","58.29
","12.14
","0
","42.91
","84.89
",,,,,,,
"Rasiklal M. Dhariwal Sinhgad Technical Institutes Campus, Warje, Pune.",Computer Engineering,61.18 ,32.93 ,"54.63
","20.93
","40.81
","21.27
","52.91
","88.55
",,,,,,,
"Matoshri College of Engineering and Research Centre, Eklahare, Nashik",Computer Engineering,60.69 ,41.34 ,"39.86
","42.82
","16.4
","37.27
","56.37
","87.63
",,,,,,,
"Sanghavi College of Engineering, Varvandi, Nashik.",Computer Engineering,57.64 ,51.26 ,"18.14
","20.4
","34.93
","0
","0
","41.83
",,,,,,,
"G. H.Raisoni Institute of Engineering and Technology, Wagholi, Pune",Computer Engineering,57.18 ,0 ,"0
","0
","0
","0
","0
","84.17
",,,,,,,
"K.V.N. Naik S. P. Sansth's Loknete Gopinathji Munde Institute of Engineering Education & Research, Nashik.",Computer Engineering,50.69 ,31.61 ,"25.3
","5.98
","0
","0.2
","62.4
","78.46
",,,,,,,
"Jagadamba Education Soc. Nashik's S.N.D. College of Engineering & Reserch, Babulgaon",Computer Engineering,48.63 ,37.94 ,"37.09
","44.75
","51.05
","37.56
","26.47
","70.02
",,,,,,,
"Genba Sopanrao Moze Trust Parvatibai Genba Moze College of Engineering,Wagholi, Pune",Computer Engineering,48.11 ,34.88 ,"34.76
","27.62
","47.1
","25.43
","0
","80.54
",,,,,,,
"Adsul's Technical Campus, Chas Dist. Ahmednagar",Computer Engineering,46.7 ,22.93 ,"0
","38.91
","41.19
","0
","0
","66.66
",,,,,,,
"Maulana Mukhtar Ahmad Nadvi Technical Campus, Malegaon.",Computer Engineering,46.53 ,0 ,"0
","0
","0
","0
","0
","42.68
",,,,,,,
"Sinhagad Institute of Technology, Lonavala",Computer Engineering,42.62 ,22.73 ,"36.42
","2.94
","56.71
","46.36
","31.15
","86.31
",,,,,,,
"Vidya Niketan College of Engineering, Bota Sangamner",Computer Engineering,42.1 ,42.1 ,"0
","0
","0
","0
","0
","47.71
",,,,,,,
"Pune Vidyarthi Griha's College Of Engineering, Nashik",Computer Engineering,41.91 ,32.46 ,"15.97
","25.16
","0
","41.49
","19.53
","80.25
",,,,,,,
"Anantrao Pawar College of Engineering & Research, Pune",Computer Engineering,41.14 ,6.42 ,"26
","37.12
","0
","29.17
","0
","81.29
",,,,,,,
"Rajgad Dnyanpeeth's Technical Campus,Dhangwadi, Bhor",Computer Engineering,39.87 ,3.26 ,"24.66
","5.69
","0
","34.16
","24.66
","96.4
",,,,,,,
"Genba Sopanrao Moze College of Engineering, Baner Balewadi, Pune",Computer Engineering,34.17 ,8.59 ,"20.78
","22.88
","0
","7.59
","43.34
","80.16
",,,,,,,
"Brahma Valley College of Engineering & Research, Trimbakeshwar, Nashik",Computer Engineering,29.61 ,4.81 ,"0
","0
","0
","0
","24.59
","44.16
",,,,,,,
"Shri.Someshwar Shikshan Prasarak Mandals, Someshwar Engineering College, Someshwar Nagar",Computer Engineering,24.21 ,5.91 ,"0
","13.33
","0
","0
","0
","81.28
",,,,,,,
Navsahyadri Education Society's Group of Institutions,Computer Engineering,22.45 ,6.14 ,"0
","0
","0
","0
","0
","58.28
",,,,,,,
"KJEI's Trinity Academy of Engineering, Yewalewadi, Pune",Computer Engineering,20.51 ,0.93 ,"16.36
","5.27
","0
","18.52
","18.19
","79.21
",,,,,,,
"Keystone School of Engineering, Pune",Computer Engineering,20.35 ,6.14 ,"0
","28.76
","0
","29.44
","0
","83.2
",,,,,,,
"Hon. Shri. Babanrao Pachpute Vichardhara Trust, Group of Institutions (Integrated Campus) Parikrama, Kashti Shrigondha,",Computer Engineering,19.87 ,27.16 ,"0
","12.62
","26
","47.71
","0
","66.55
",,,,,,,
"Dattakala Group Of Institutions, Swami Chincholi Tal. Daund Dist. Pune",Computer Engineering,17.45 ,53.49 ,"6.47
","0
","0
","0
","0
","62.76
",,,,,,,
"P.K. Technical Campus, Pune.",Computer Engineering,17.04 ,27.42 ,"0
","0
","0
","0
","0
","70.44
",,,,,,,
"Shahajirao Patil Vikas Pratishthan, S.B.Patil College of Engineering, Vangali, Tal. Indapur",Computer Engineering,16.77 ,3.38 ,"0
","5.93
","7.55
","13.82
","6.55
","93.85
",,,,,,,
"Jawahar Education Society's Institute of Technology, Management & Research, Nashik.",Computer Engineering,16.52 ,8.57 ,"0
","0
","0
","0
","30.79
","79.2
",,,,,,,
"Choudhary Attar Singh Yadav Memorial Trust,Siddhant College of Engineering, Maval",Computer Engineering,16.24 ,0 ,"0
","0
","0
","0
","0
","0
",,,,,,,
"Vidya Prasarini Sabha's College of Engineering & Technology, Lonavala",Computer Engineering,16.04 ,0 ,"0
","0
","0
","0
","0
","25
",,,,,,,
"Suman Ramesh Tulsiani Technical Campus: Faculty of Engineering, Kamshet,Pune.",Computer Engineering,15.03 ,0 ,"0
","0
","0
","0
","0
","16.89
",,,,,,,
"I.S.B.& M. School of Technology, Nande Village",Computer Engineering,14.93 ,0 ,"0
","0
","0
","0
","0
","39.89
",,,,,,,
"G. H. Raisoni College of Engineering and Management, Ahmednagar",Computer Engineering,14.16 ,0 ,"0
","0
","0
","0
","0
","66.64
",,,,,,,
"Alard Charitable Trust's Alard College of Engineering and Management, Pune",Computer Engineering,13.63 ,0 ,"0
","0
","0
","0
","0
","33.06
",,,,,,,
"SKN Sinhgad Institute of Technology & Science, Kusgaon(BK),Pune.",Computer Engineering,13.25 ,1.75 ,"0.85
","5.94
","14.83
","19.89
","0
","88.25
",,,,,,,
"Al Ameen Educational and Medical Foundation, College of Engineering, Koregaon, Bhima",Computer Engineering,11.5 ,0 ,"0
","0
","0
","0
","0
","0
",,,,,,,
"Shree Gajanan Maharaj Shikshan Prasarak Mandal Sharadchandra Pawar College of Engineering, Dumbarwadi",Computer Engineering,8.42 ,0 ,"0
","0
","0
","0
","0
","81.25
",,,,,,,
"Vishwabharati Academy's College of Engineering, Ahmednagar",Computer Engineering,8.38 ,24.5 ,"0
","27.17
","45.24
","34.43
","0
","75.56
",,,,,,,
"K.J.'s Educational Institute's K.J.College of Engineering & Management Research, Pisoli",Computer Engineering,7.95 ,0 ,"0
","0
","0
","0.07
","0
","80.63
",,,,,,,
"Amruta Vaishnavi Education & Welfare Trust's Shatabdi Institute of Engineering & Research, Agaskhind Tal. Sinnar",Computer Engineering,5.73 ,0 ,"0
","0
","0
","0
","0
","90.55
",,,,,,,
"Shree Ramchandra College of Engineering, Lonikand,Pune",Computer Engineering,5.07 ,0.06 ,"0.3
","5.07
","18.62
","0
","54.09
","80.7
",,,,,,,
"Kalyani Charitable Trust, Late Gambhirrao Natuba Sapkal College of Engineering, Anjaneri, Trimbakeshwar Road, Nashik",Computer Engineering,4.24 ,16.28 ,"0
","0
","0
","4.24
","0
","78.01
",,,,,,,
"College of Engineering, Pune",Computer Engineering,"99.96
","99.79
","99.96 
","99.5
","99.88
","99.86
","99.67
","99.96
",,,,,,,
"Veermata Jijabai Technological Institute (VJTI), Matunga, Mumbai",Computer Engineering,"99.95
","99.52
","99.95 
","98.72
","99.76
","0
","0
","99.98
",,,,,,,
"Bhartiya Vidya Bhavan's Sardar Patel Institute of Technology , Andheri, Mumbai",Computer Engineering,"99.85
","0
","99.85 
","97.48
","0
","99.69
","0
","99.88
",,,,,,,
"K.J.Somaiya College of Engineering, Vidyavihar, Mumbai",Computer Engineering,"99.5
","99.13
","99.5 
","0
","0
","0
","0
","99.52
",,,,,,,
"Bansilal Ramnath Agarawal Charitable Trust's Vishwakarma Institute of Technology, Bibwewadi, Pune",Computer Engineering,"99.32
","98.11
","99.32 
","96.61
","98.4
","97.75
","99.08
","99.34
",,,,,,,
"B.R.A.C.T's Vishwakarma Institute of Information Technology, Kondhwa (Bk.), Pune",Computer Engineering,"98.61
","96.65
","98.61 
","94.29
","95.22
","96.91
","97.76
","98.83
",,,,,,,
"MIT Academy of Engineering,Alandi, Pune",Computer Engineering,"96.9
","0
","96.9 
","92.04
","92.77
","93.83
","94.53
","97.67
",,,,,,,
"Thakur College of Engineering and Technology, Kandivali, Mumbai",Computer Engineering,"96.84
","94.96
","96.84 
","0
","0
","0
","0
","97.84
",,,,,,,
"Jaywant Shikshan Prasarak Mandal's,Rajarshi Shahu College of Engineering, Tathawade, Pune",Computer Engineering,"95.96
","90.95
","95.96 
","84.63
","89.34
","0
","94.2
","95.96
",,,,,,,
"K. E. Society's Rajarambapu Institute of Technology, Walwa, Sangli",Computer Engineering,"94.55
","93.92
","94.55 
","80.15
","84.47
","92.2
","87.32
","96.31
",,,,,,,
"Government College of Engineering, Jalgaon",Computer Engineering,"93.92
","89.46
","93.92 
","88.8
","89.89
","89.01
","90.7
","95.24
",,,,,,,
"Sanjivani Rural Education Society's Sanjivani College of Engineering, Kopargaon",Computer Engineering,"91.72
","0
","91.72 
","59.85
","85.52
","83.12
","89.87
","97.74
",,,,,,,
"G.H.Raisoni College of Engineering & Management, Wagholi, Pune",Computer Engineering,"86.14
","0
","86.14 
","0
","0
","0
","0
","92.18
",,,,,,,
"MKSSS's Cummins College of Engineering for Women, Karvenagar,Pune",Computer Engineering,"0
",0,"0 
","0
","0
","0
","0
","0
",,,,,,,
"All India Shri Shivaji Memorial Society's Institute of Information Technology,Pune",Electronics &  telecommunication Enginnering,75.92 ,60.44 ,"55.65
","47.9
","0
","19.34
","36.15
","87.91
",,,,,,,
"Jayawant Shikshan Prasarak Mandal, Bhivarabai Sawant Institute of Technology & Research, Wagholi",Electronics &  telecommunication Enginnering,75.61 ,22.44 ,"3.86
","40.44
","0
","0
","0
","42.38
",,,,,,,
"Dr. D. Y. Patil Vidya Pratishthan Society Dr .D. Y. Patil Institute of Engineering & Technology, Pimpri,Pune",Electronics &  telecommunication Enginnering,75.2 ,69.01 ,"61.55
","25.75
","1.94
","2.78
","0
","84.59
",,,,,,,
"Progressive Education Society's Modern College of Engineering, Pune",Electronics &  telecommunication Enginnering,73.53 ,36.23 ,"72.51
","9.45
","32.78
","25.86
","51.93
","89.31
",,,,,,,
"Sinhgad College of Engineering, Vadgaon (BK), Pune",Electronics &  telecommunication Enginnering,66.4 ,60.26 ,"59.43
","17.61
","22.54
","54
","31.7
","92.64
",,,,,,,
"Nashik District Maratha Vidya Prasarak Samaj's Karmaveer Adv.Babaurao Ganpatrao Thakare College of Engineering, Nashik",Electronics &  telecommunication Enginnering,64.24 ,33.07 ,"30.47
","51.99
","26.87
","50.42
","13.88
","82.64
",,,,,,,
"Matoshri College of Engineering and Research Centre, Eklahare, Nashik",Electronics &  telecommunication Enginnering,61.39 ,57.64 ,"0
","51.93
","0
","44.87
","0
","41.1
",,,,,,,
"Shree Gajanan Maharaj Shikshan Prasarak Mandal Sharadchandra Pawar College of Engineering, Dumbarwadi",Electronics &  telecommunication Enginnering,60.68 ,0 ,"0
","0
","0
","0
","0
","0
",,,,,,,
"TSSMS's Pd. Vasantdada Patil Institute of Technology, Bavdhan, Pune",Electronics &  telecommunication Enginnering,60.28 ,30.18 ,"9.08
","0.86
","6.47
","0
","0
","77.66
",,,,,,,
"Marathwada Mitra Mandal's College of Engineering, Karvenagar, Pune",Electronics &  telecommunication Enginnering,58.87 ,22.54 ,"38.17
","31.99
","29.01
","38.9
","9.47
","91.85
",,,,,,,
"Vidya Pratishthan's Kamalnayan Bajaj Institute of Engineering & Technology, Baramati Dist.Pune",Electronics &  telecommunication Enginnering,57.92 ,18.89 ,"0
","0
","0
","15.67
","0
","89.36
",,,,,,,
"Hon. Shri. Babanrao Pachpute Vichardhara Trust, Group of Institutions (Integrated Campus) Parikrama, Kashti Shrigondha,",Electronics &  telecommunication Enginnering,52.8 ,0 ,"0
","0
","0
","0
","0
","0
",,,,,,,
"Pravara Rural College of Engineering, Loni, Pravaranagar, Ahmednagar.",Electronics &  telecommunication Enginnering,51.05 ,35.2 ,"22.31
","30.15
","0
","0
","42.59
","81.26
",,,,,,,
"Maulana Mukhtar Ahmad Nadvi Technical Campus, Malegaon.",Electronics &  telecommunication Enginnering,47.74 ,0 ,"0
","0
","0
","0
","0
","42.68
",,,,,,,
"Pravara Rural Education Society's Sir Visvesvaraya Institute of Technology, Chincholi Dist. Nashik",Electronics &  telecommunication Enginnering,47.11 ,0 ,"0
","0
","0
","0
","0
","81.26
",,,,,,,
"Dhole Patil Education Society, Dhole Patil College of Engineering, Wagholi, Tal. Haveli",Electronics &  telecommunication Enginnering,45.71 ,31.89 ,"0
","2.66
","41.19
","0
","0
","55.97
",,,,,,,
"K.V.N. Naik S. P. Sansth's Loknete Gopinathji Munde Institute of Engineering Education & Research, Nashik.",Electronics &  telecommunication Enginnering,43.45 ,0 ,"0
","0
","0
","0
","0
","0
",,,,,,,
"Sandip Foundation, Sandip Institute of Technology and Research Centre, Mahiravani, Nashik",Electronics &  telecommunication Enginnering,42.49 ,0 ,"0
","0
","0
","32.7
","0
","53.85
",,,,,,,
"Gokhale Education Society's, R.H. Sapat College of Engineering, Management Studies and Research, Nashik",Electronics &  telecommunication Enginnering,41.06 ,9.99 ,"0
","0
","0
","0
","0
","71.52
",,,,,,,
"Samarth Group of Institutions, Bangarwadi, Post Belhe Tal. Junnar Dist. Pune",Electronics &  telecommunication Enginnering,40.43 ,26.52 ,"0
","0
","0
","0
","46.81
","29.1
",,,,,,,
"Nutan Maharashtra Vidya Prasarak Mandal, Nutan Maharashtra Institute of Engineering &Technology, Talegaon station, Pune",Electronics &  telecommunication Enginnering,34.1 ,14.01 ,"21.2
","22.04
","0
","19.5
","21.52
","74.46
",,,,,,,
"Keystone School of Engineering, Pune",Electronics &  telecommunication Enginnering,32.87 ,1.12 ,"0
","0
","0
","0
","0
","60.84
",,,,,,,
"Ahmednagar Jilha Maratha Vidya Prasarak Samajache, Shri. Chhatrapati Shivaji Maharaj College of Engineering, Nepti",Electronics &  telecommunication Enginnering,31.26 ,0 ,"0
","0
","0
","0
","0
","0
",,,,,,,
"Sinhgad Technical Education Society, Sinhgad Institute of Technology and Science, Narhe (Ambegaon)",Electronics &  telecommunication Enginnering,29.45 ,0 ,"0
","0
","0
","0
","0
","0
",,,,,,,
"I.S.B.& M. School of Technology, Nande Village",Electronics &  telecommunication Enginnering,28.81 ,0 ,"0
","0
","0
","0
","0
","0
",,,,,,,
"Genba Sopanrao Moze Trust Parvatibai Genba Moze College of Engineering,Wagholi, Pune",Electronics &  telecommunication Enginnering,28.32 ,0 ,"0
","0
","0
","0
","0
","0
",,,,,,,
"NBN Sinhgad Technical Institutes Campus, Pune",Electronics &  telecommunication Enginnering,27.83 ,0 ,"0
","0
","0
","0
","0
","78.69
",,,,,,,
"JSPM Narhe Technical Campus, Pune.",Electronics &  telecommunication Enginnering,26.82 ,2.04 ,"0
","0
","0
","0
","0
","73.2
",,,,,,,
"Anantrao Pawar College of Engineering & Research, Pune",Electronics &  telecommunication Enginnering,23.37 ,0 ,"0
","0
","0
","0
","0
","0
",,,,,,,
"JSPM'S Jaywantrao Sawant College of Engineering,Pune",Electronics &  telecommunication Enginnering,22.54 ,0.56 ,"0
","26.24
","19.66
","0
","3.86
","64.92
",,,,,,,
"MET Bhujbal Knowledge City MET League's Engineering College, Adgaon, Nashik. Un Aided",Electronics &  telecommunication Enginnering,21.43 ,15.43 ,"0
","0
","18.81
","14.75
","0
","45.69
",,,,,,,
"Sinhgad Technical Education Society's Smt. Kashibai Navale College of Engineering,Vadgaon,Pune",Electronics &  telecommunication Enginnering,20.06 ,17.07 ,"6.2
","0
","15.73
","15.58
","0
","82.95
",,,,,,,
"Rajgad Dnyanpeeth's Technical Campus,Dhangwadi, Bhor",Electronics &  telecommunication Enginnering,18.88 ,0 ,"0
","0
","0
","0
","0
","74.05
",,,,,,,
"SNJB's Late Sau. Kantabai Bhavarlalji Jain College of Engineering, (Jain Gurukul), Neminagar,Chandwad, (Nashik)",Electronics &  telecommunication Enginnering,17.7 ,0 ,"0
","0
","0
","0
","0
","0
",,,,,,,
"Shahajirao Patil Vikas Pratishthan, S.B.Patil College of Engineering, Vangali, Tal. Indapur",Electronics &  telecommunication Enginnering,17.43 ,0 ,"0
","0
","0
","0
","0
","67.69
",,,,,,,
"TSSM's Bhivarabai Sawant College of Engineering and Research, Narhe, Pune",Electronics &  telecommunication Enginnering,17.11 ,0 ,"0
","0
","0
","0
","0
","69.57
",,,,,,,
"Sinhagad Institute of Technology, Lonavala",Electronics &  telecommunication Enginnering,17.07 ,0 ,"0
","0
","0
","0
","0
","0
",,,,,,,
"KJEI's Trinity Academy of Engineering, Yewalewadi, Pune",Electronics &  telecommunication Enginnering,16.18 ,0 ,"0
","0
","0
","0
","0
","0
",,,,,,,
"Rasiklal M. Dhariwal Sinhgad Technical Institutes Campus, Warje, Pune.",Electronics &  telecommunication Enginnering,16.17 ,0 ,"0
","0
","0
","0
","0
","0
",,,,,,,
"Shivnagar Vidya Prasarak Mandal's College of Engineering, Malegaon Baramati",Electronics &  telecommunication Enginnering,15.68 ,0 ,"0
","0
","0
","0
","0
","0
",,,,,,,
"Choudhary Attar Singh Yadav Memorial Trust,Siddhant College of Engineering, Maval",Electronics &  telecommunication Enginnering,14.47 ,0 ,"0
","0
","0
","0
","0
","0
",,,,,,,
"Zeal Education Society's Zeal College of Engineering & Reserch, Narhe, Pune",Electronics &  telecommunication Enginnering,13.02 ,4.62 ,"0
","10.24
","0.1
","0
","9.43
","56.65
",,,,,,,
"Sandip Foundation's, Sandip Institute of Engineering & Management, Nashik",Electronics &  telecommunication Enginnering,12.83 ,0 ,"0
","0
","0
","0
","0
","0
",,,,,,,
"Sinhgad Academy of Engineering, Kondhwa (BK) Kondhwa Saswad Road, Pune",Electronics &  telecommunication Enginnering,12.62 ,0 ,"0
","0
","0
","0
","0
","0
",,,,,,,
"Padmashri Dr. Vithalrao Vikhe Patil College of Engineering, Ahmednagar",Electronics &  telecommunication Enginnering,11.79 ,40.34 ,"0
","31.37
","0.37
","53.3
","0
","70.79
",,,,,,,
"K.J.'s Educational Institute's K.J.College of Engineering & Management Research, Pisoli",Electronics &  telecommunication Enginnering,11.08 ,0 ,"0
","0
","0
","0
","0
","0
",,,,,,,
"Bharati Vidyapeeth's College of Engineering,Lavale, Pune",Electronics &  telecommunication Enginnering,10.59 ,13.25 ,"10.59
","20.75
","0
","0
","8.39
","92.02
",,,,,,,
"K. J.'s Educational Institut Trinity College of Engineering and Research, Pisoli, Haveli",Electronics &  telecommunication Enginnering,10.03 ,0 ,"0
","0
","0
","0
","0
","0
",,,,,,,
"G. H.Raisoni Institute of Engineering and Technology, Wagholi, Pune",Electronics &  telecommunication Enginnering,9.09 ,0 ,"0
","0
","0
","0
","0
","57.62
",,,,,,,
"JSPM's Imperial College of Engineering and Research, Wagholi, Pune",Electronics &  telecommunication Enginnering,5.58 ,0 ,"0
","0
","0
","0
","4.56
","77.73
",,,,,,,
"Pune Vidyarthi Griha's College Of Engineering, Nashik",Electronics &  telecommunication Enginnering,5.56 ,0 ,"0
","0
","0
","0
","0
","70.86
",,,,,,,
"Genba Sopanrao Moze College of Engineering, Baner Balewadi, Pune",Electronics &  telecommunication Enginnering,3.86 ,0 ,"0
","0
","0
","0
","0
","41.26
",,,,,,,
"Dr. D. Y. Patil School OF Engineering, Lohegaon, Pune",Electronics &  telecommunication Enginnering,3.82 ,4.47 ,"0
","0
","23.93
","1.79
","0
","23.37
",,,,,,,
"D. Y. Patil College of Engineering, Ambi, Talegaon, Maval",Electronics &  telecommunication Enginnering,2.54 ,0 ,"0
","0
","0
","0
","0
","17.16
",,,,,,,
"Jaihind College Of Engineering,Kuran",Electronics &  telecommunication Enginnering,2.1 ,0 ,"0
","0
","0
","0
","0
","0
",,,,,,,
"Shree Ramchandra College of Engineering, Lonikand,Pune",Electronics &  telecommunication Enginnering,0.3 ,0 ,"0
","0
","0
","0
","0
","0
",,,,,,,
"Sahyadri Valley College of Engineering & Technology, Rajuri, Pune.",Electronics &  telecommunication Enginnering,0 ,0 ,"0
","0
","0
","0
","0
","0
",,,,,,,
Navsahyadri Education Society's Group of Institutions,Electronics &  telecommunication Enginnering,0 ,0 ,"0
","0
","0
","0
","0
","0
",,,,,,,
"Dattakala Group Of Institutions, Swami Chincholi Tal. Daund Dist. Pune",Electronics &  telecommunication Enginnering,0 ,0 ,"0
","0
","0
","0
","0
","0
",,,,,,,
"Alard Charitable Trust's Alard College of Engineering and Management, Pune",Electronics &  telecommunication Enginnering,0 ,0 ,"0
","0
","0
","0
","0
","0
",,,,,,,
"Bharati Vidyapeeth's College of Engineering for Women, Katraj, Dhankawadi, Pune",Electronics &  telecommunication Enginnering,0 ,0 ,"0
","0
","0
","0
","0
","0
",,,,,,,
"Al Ameen Educational and Medical Foundation, College of Engineering, Koregaon, Bhima",Electronics &  telecommunication Enginnering,0 ,0 ,"0
","0
","0
","0
","0
","0
",,,,,,,
"Rajiv Gandhi College of Engineering, At Post Karjule Hariya Tal.Parner, Dist.Ahmednagar",Electronics &  telecommunication Enginnering,0 ,0 ,"0
","0
","0
","0
","0
","0
",,,,,,,
"Vidya Niketan College of Engineering, Bota Sangamner",Electronics &  telecommunication Enginnering,0 ,0 ,"0
","0
","0
","0
","0
","0
",,,,,,,
"Adsul's Technical Campus, Chas Dist. Ahmednagar",Electronics &  telecommunication Enginnering,0 ,0 ,"0
","0
","0
","0
","0
","0
",,,,,,,
"Amruta Vaishnavi Education & Welfare Trust's Shatabdi Institute of Engineering & Research, Agaskhind Tal. Sinnar",Electronics &  telecommunication Enginnering,0 ,0 ,"0
","0
","0
","0
","0
","0
",,,,,,,
"Kalyani Charitable Trust, Late Gambhirrao Natuba Sapkal College of Engineering, Anjaneri, Trimbakeshwar Road, Nashik",Electronics &  telecommunication Enginnering,0 ,0 ,"0
","0
","0
","0
","0
","0
",,,,,,,
"Dr. D. Y. Patil Educational Academy's, D.Y.Patil School of Engineering Academy, Ambi",Electronics &  telecommunication Enginnering,0 ,0 ,"0
","0
","0
","0
","0
","0
",,,,,,,
"Pimpri Chinchwad Education Trust, Pimpri Chinchwad College of Engineering, Pune",Civil Engineering,96.82 ,94.39 ,"77.53
","94.8
","0
","0
","82.79
","95.29
",,,,,,,
"Government College of Engineering & Research, Avasari Khurd",Civil Engineering,91.59 ,89.13 ,"62.33
","64.4
","81.41
","85.6
","0
","93.41
",,,,,,,
"K. K. Wagh Institute of Engineering Education and Research, Nashik",Civil Engineering,89.07 ,82.88 ,"71.07
","57.37
","30.27
","0
","83.49
","92.02
",,,,,,,
"All India Shri Shivaji Memorial Society's College of Engineering, Pune",Civil Engineering,86.77 ,68 ,"81.11
","63.62
","11.45
","77.91
","0
","94.57
",,,,,,,
"Genba Sopanrao Moze Trust Parvatibai Genba Moze College of Engineering,Wagholi, Pune",Civil Engineering,82.88 ,0 ,"0
","0
","0
","0
","0
","0
",,,,,,,
"Jagadamba Education Soc. Nashik's S.N.D. College of Engineering & Reserch, Babulgaon",Civil Engineering,82.27 ,5.28 ,"46.33
","17.84
","0
","17.7
","0
","69.97
",,,,,,,
"Amrutvahini Sheti & Shikshan Vikas Sanstha's Amrutvahini College of Engineering, Sangamner",Civil Engineering,81.82 ,67.63 ,"76.79
","41.36
","63.34
","66.2
","79.01
","87.69
",,,,,,,
"Amruta Vaishnavi Education & Welfare Trust's Shatabdi Institute of Engineering & Research, Agaskhind Tal. Sinnar",Civil Engineering,80.55 ,0 ,"0
","0
","0
","0
","0
","0
",,,,,,,
"SNJB's Late Sau. Kantabai Bhavarlalji Jain College of Engineering, (Jain Gurukul), Neminagar,Chandwad, (Nashik)",Civil Engineering,78.34 ,0 ,"0
","0
","0
","0
","0
","48.72
",,,,,,,
"Padmashri Dr. Vithalrao Vikhe Patil College of Engineering, Ahmednagar",Civil Engineering,77.34 ,1.97 ,"36.97
","14.12
","0
","71.18
","25.64
","89.31
",,,,,,,
"Pimpri Chinchwad Education Trust's Pimpri Chinchwad College Of Engineering And Research, Ravet",Civil Engineering,77.06 ,39.93 ,"66.44
","29.58
","0
","0
","0
","84.32
",,,,,,,
"Maulana Mukhtar Ahmad Nadvi Technical Campus, Malegaon.",Civil Engineering,74.03 ,0 ,"0
","0
","0
","0
","0
","0
",,,,,,,
"Nashik District Maratha Vidya Prasarak Samaj's Karmaveer Adv.Babaurao Ganpatrao Thakare College of Engineering, Nashik",Civil Engineering,72.59 ,70.33 ,"54.89
","30.25
","0
","0
","0
","89.46
",,,,,,,
"Genba Sopanrao Moze College of Engineering, Baner Balewadi, Pune",Civil Engineering,71.55 ,0 ,"0
","0
","0
","0
","0
","0
",,,,,,,
"Pravara Rural College of Engineering, Loni, Pravaranagar, Ahmednagar.",Civil Engineering,67.35 ,25.05 ,"56.79
","57.84
","0
","50.88
","0
","89.89
",,,,,,,
"Dr. D. Y. Patil Pratishthan's D.Y.Patil College of Engineering Akurdi, Pune",Civil Engineering,64.94 ,53.16 ,"16.07
","8.84
","34.97
","67.52
","66.71
","90.41
",,,,,,,
"Matoshri College of Engineering and Research Centre, Eklahare, Nashik",Civil Engineering,62.75 ,0 ,"0
","0
","0
","0
","0
","78.46
",,,,,,,
"MET Bhujbal Knowledge City MET League's Engineering College, Adgaon, Nashik. Un Aided",Civil Engineering,62.03 ,22.71 ,"14.44
","33.29
","16.34
","18.96
","0
","84.99
",,,,,,,
"Zeal Education Society's Zeal College of Engineering & Reserch, Narhe, Pune",Civil Engineering,52.78 ,6.61 ,"0
","0
","0
","6.86
","0
","76.42
",,,,,,,
"Rajgad Dnyanpeeth's Technical Campus,Dhangwadi, Bhor",Civil Engineering,41.09 ,0 ,"0
","0
","0
","0
","0
","70.18
",,,,,,,
"G. H. Raisoni College of Engineering and Management, Ahmednagar",Civil Engineering,40.98 ,0 ,"0
","0
","0
","0
","0
","0
",,,,,,,
"Vishwabharati Academy's College of Engineering, Ahmednagar",Civil Engineering,40.51 ,0 ,"0
","0
","0
","0
","0
","0
",,,,,,,
"K.V.N. Naik S. P. Sansth's Loknete Gopinathji Munde Institute of Engineering Education & Research, Nashik.",Civil Engineering,39.23 ,0 ,"0
","0
","0
","0
","0
","0
",,,,,,,
"Sinhgad College of Engineering, Vadgaon (BK), Pune",Civil Engineering,38.61 ,2.32 ,"28.67
","61.32
","27.17
","18.01
","64.44
","88.61
",,,,,,,
"TSSM's Bhivarabai Sawant College of Engineering and Research, Narhe, Pune",Civil Engineering,38.04 ,0 ,"0
","0
","0
","0
","0
","0
",,,,,,,
"KJEI's Trinity Academy of Engineering, Yewalewadi, Pune",Civil Engineering,37 ,0 ,"0
","0
","0
","0
","0
","0
",,,,,,,
"Ahmednagar Jilha Maratha Vidya Prasarak Samajache, Shri. Chhatrapati Shivaji Maharaj College of Engineering, Nepti",Civil Engineering,36 ,26.85 ,"0
","38.77
","0
","40.96
","0
","67.83
",,,,,,,
"Gokhale Education Society's, R.H. Sapat College of Engineering, Management Studies and Research, Nashik",Civil Engineering,35.89 ,28.5 ,"51.31
","0
","0
","0
","0
","73.82
",,,,,,,
"G. H.Raisoni Institute of Engineering and Technology, Wagholi, Pune",Civil Engineering,33.92 ,0 ,"0
","0
","0
","0
","0
","64.47
",,,,,,,
"Dr. D. Y. Patil Vidya Pratishthan Society Dr .D. Y. Patil Institute of Engineering & Technology, Pimpri,Pune",Civil Engineering,33.28 ,15.06 ,"3.06
","22.75
","27.17
","20.45
","10.36
","93.11
",,,,,,,
"Sanghavi College of Engineering, Varvandi, Nashik.",Civil Engineering,32.6 ,0 ,"0
","28.36
","0
","0
","40.07
","82.87
",,,,,,,
"Hon. Shri. Babanrao Pachpute Vichardhara Trust, Group of Institutions (Integrated Campus) Parikrama, Kashti Shrigondha,",Civil Engineering,32.03 ,0 ,"0
","0
","0
","0
","0
","0
",,,,,,,
"Adsul's Technical Campus, Chas Dist. Ahmednagar",Civil Engineering,29.81 ,0 ,"0
","0
","0
","0
","0
","72.83
",,,,,,,
"Vidya Pratishthan's Kamalnayan Bajaj Institute of Engineering & Technology, Baramati Dist.Pune",Civil Engineering,28.19 ,15.35 ,"51.42
","22.37
","0
","25.82
","14.64
","80.86
",,,,,,,
"Dr. D. Y. Patil School OF Engineering, Lohegaon, Pune",Civil Engineering,26.85 ,22.22 ,"0
","0
","0
","0
","0
","62.36
",,,,,,,
"Bharati Vidyapeeth's College of Engineering,Lavale, Pune",Civil Engineering,21.69 ,1.5 ,"0
","0
","0
","0
","0
","89.91
",,,,,,,
"D. Y. Patil Institute of Engineering and Technology, Ambi",Civil Engineering,21.69 ,0 ,"0
","0
","0
","0
","0
","49.66
",,,,,,,
"Guru Gobind Singh College of Engineering & Research Centre, Nashik.",Civil Engineering,20.56 ,5.28 ,"0
","23.88
","0
","22.69
","0
","75.34
",,,,,,,
"Indira College of Engineering & Management, Pune",Civil Engineering,17 ,7.49 ,"0
","8.84
","0
","0
","0
","44.63
",,,,,,,
"Dhole Patil Education Society, Dhole Patil College of Engineering, Wagholi, Tal. Haveli",Civil Engineering,16.67 ,15.9 ,"0
","8.38
","0
","1.93
","0
","57.28
",,,,,,,
"Vidya Niketan College of Engineering, Bota Sangamner",Civil Engineering,16.55 ,0 ,"0
","0
","0
","0
","0
","0
",,,,,,,
"Dattakala Group Of Institutions, Swami Chincholi Tal. Daund Dist. Pune",Civil Engineering,15.87 ,38.56 ,"0
","0
","0
","0
","0
","51.58
",,,,,,,
"Sandip Foundation's, Sandip Institute of Engineering & Management, Nashik",Civil Engineering,14.1 ,0 ,"0
","0
","0
","0
","0
","65.05
",,,,,,,
"Pad. Dr.D.Y.Patil Institute of Engineering, Management & Reseach, Akurdi, Pune",Civil Engineering,13.96 ,12.36 ,"5.71
","15.49
","0
","6.38
","42.86
","85.44
",,,,,,,
"Marathwada Mitra Mandal's Institute of Technology, Lohgaon, Pune",Civil Engineering,13.67 ,16.89 ,"0
","0
","0
","0
","0
","74.93
",,,,,,,
"TSSMS's Pd. Vasantdada Patil Institute of Technology, Bavdhan, Pune",Civil Engineering,12.26 ,0 ,"0
","0
","0
","0
","0
","74.27
",,,,,,,
"K.J.'s Educational Institute's K.J.College of Engineering & Management Research, Pisoli",Civil Engineering,11.53 ,0 ,"0
","0
","0
","0
","0
","0
",,,,,,,
"Jawahar Education Society's Institute of Technology, Management & Research, Nashik.",Civil Engineering,10.95 ,0 ,"0
","0
","0
","0
","0
","0
",,,,,,,
"JSPM's Imperial College of Engineering and Research, Wagholi, Pune",Civil Engineering,10.26 ,7.27 ,"0
","10.96
","0
","0
","34.37
","73.66
",,,,,,,
"Shri.Someshwar Shikshan Prasarak Mandals, Someshwar Engineering College, Someshwar Nagar",Civil Engineering,10.16 ,0 ,"0
","0
","0
","0
","0
","0
",,,,,,,
"Alard Charitable Trust's Alard College of Engineering and Management, Pune",Civil Engineering,7.74 ,0 ,"0
","0
","0
","0
","0
","0
",,,,,,,
"K. J.'s Educational Institut Trinity College of Engineering and Research, Pisoli, Haveli",Civil Engineering,7.73 ,0 ,"0
","0
","0
","0
","0
","51.42
",,,,,,,
"P.K. Technical Campus, Pune.",Civil Engineering,7.05 ,0 ,"0
","0
","0
","0
","0
","0
",,,,,,,
"Rasiklal M. Dhariwal Sinhgad Technical Institutes Campus, Warje, Pune.",Civil Engineering,6.04 ,0 ,"0
","0
","0
","0
","0
","0
",,,,,,,
"Choudhary Attar Singh Yadav Memorial Trust,Siddhant College of Engineering, Maval",Civil Engineering,5.71 ,0 ,"0
","0
","0
","0
","0
","0
",,,,,,,
"Anantrao Pawar College of Engineering & Research, Pune",Civil Engineering,5.16 ,0 ,"0
","0
","0
","0
","0
","0
",,,,,,,
Navsahyadri Education Society's Group of Institutions,Civil Engineering,3.87 ,0 ,"0
","0
","0
","0
","0
","0
",,,,,,,
"JSPM Narhe Technical Campus, Pune.",Civil Engineering,3.41 ,0 ,"0
","0
","0
","0
","0
","60.61
",,,,,,,
"Samarth Group of Institutions, Bangarwadi, Post Belhe Tal. Junnar Dist. Pune",Civil Engineering,3.13 ,0 ,"0
","0
","0
","0
","0
","0
",,,,,,,
"Sandip Foundation, Sandip Institute of Technology and Research Centre, Mahiravani, Nashik",Civil Engineering,2.97 ,38.64 ,"24.71
","0
","20.83
","54.12
","0
","76.08
",,,,,,,
"Sinhgad Technical Education Society, Sinhgad Institute of Technology and Science, Narhe (Ambegaon)",Civil Engineering,2.6 ,0 ,"0
","0
","0
","0
","0
","71.78
",,,,,,,
"Shree Ramchandra College of Engineering, Lonikand,Pune",Civil Engineering,2.51 ,0 ,"0
","0
","0
","0
","0
","0
",,,,,,,
"Jaihind College Of Engineering,Kuran",Civil Engineering,2.42 ,0 ,"0
","0
","0
","0
","0
","0
",,,,,,,
"Sinhgad Academy of Engineering, Kondhwa (BK) Kondhwa Saswad Road, Pune",Civil Engineering,1.13 ,0 ,"0
","0
","0
","0
","0
","64.55
",,,,,,,
"Shivnagar Vidya Prasarak Mandal's College of Engineering, Malegaon Baramati",Civil Engineering,0.33 ,11.94 ,"0
","0
","0
","22.32
","0
","63.52
",,,,,,,
"Shahajirao Patil Vikas Pratishthan, S.B.Patil College of Engineering, Vangali, Tal. Indapur",Civil Engineering,0.28 ,0 ,"0
","0
","0
","0
","0
","31.73
",,,,,,,
"Brahma Valley College of Engineering & Research, Trimbakeshwar, Nashik",Civil Engineering,0 ,0 ,"0
","0
","0
","0
","0
","0
",,,,,,,
"Kalyani Charitable Trust, Late Gambhirrao Natuba Sapkal College of Engineering, Anjaneri, Trimbakeshwar Road, Nashik",Civil Engineering,0 ,0 ,"0
","0
","0
","0
","0
","0
",,,,,,,
"Universal College of Engineering & Research, Sasewadi",Civil Engineering,0 ,0 ,"0
","0
","0
","0
","0
","0
",,,,,,,
"Sahyadri Valley College of Engineering & Technology, Rajuri, Pune.",Civil Engineering,0 ,0 ,"0
","0
","0
","0
","0
","0
",,,,,,,
"Suman Ramesh Tulsiani Technical Campus: Faculty of Engineering, Kamshet,Pune.",Civil Engineering,0 ,0 ,"0
","0
","0
","0
","0
","0
",,,,,,,
"Dr. D. Y. Patil Educational Academy's, D.Y.Patil School of Engineering Academy, Ambi",Civil Engineering,0 ,0 ,"0
","0
","0
","0
","0
","0
",,,,,,,
"College of Engineering, Pune",Civil Engineering,"99.37
","99.1
","91.97
","97.43
","98.95
","99.28
","99.29
","98.94
",,,,,,,
"Veermata Jijabai Technological Institute (VJTI), Matunga, Mumbai",Civil Engineering,"98.94
","98.77
","90.14
","96.99
","98.06
","97.36
","98.36
","98.75
",,,,,,,
"Sardar Patel College of Engineering, Andheri",Civil Engineering,"98.61
","97.79
","85.91
","92.73
","95.13
","94.85
","97.85
","98.43
",,,,,,,
"Walchand College of Engineering, Sangli",Civil Engineering,"97.73
","97.65
","83.43
","93.68
","95.71
","97.98
","96.84
","97.68
",,,,,,,
"Government College of Engineering, Aurangabad",Civil Engineering,"95.94
","94.75
","80.2
","91.38
","93.32
","94.31
","95.06
","94.94
",,,,,,,
"Government College of Engineering, Amravati",Civil Engineering,"95.48
","94.64
","83.75
","91.95
","0
","90.22
","93.45
","96.92
",,,,,,,
"Government College of Engineering, Karad",Civil Engineering,"95.23
","94.35
","66.31
","92.39
","95.31
","94.49
","0
","96.82
",,,,,,,
"Shri Guru Gobind Singhji Institute of Engineering and Technology, Nanded",Civil Engineering,"94.41
","93.75
","62.57
","90.59
","93.24
","90.22
","0
","96.52
",,,,,,,
"Shri Ramdeobaba College of Engineering and Management, Nagpur",Civil Engineering,"92.84
","0
","0
","0
","0
","0
","0
","94.74
",,,,,,,
"B.R.A.C.T's Vishwakarma Institute of Information Technology, Kondhwa (Bk.), Pune",Civil Engineering,"91.55
","85.16
","21.24
","80.89
","86.8
","86.78
","87.58
","93.58
",,,,,,,
"Government College of Engineering, Jalgaon",Civil Engineering,"90.7
","87.84
","70.35
","86.05
","87.82
","0
","0
","91.42
",,,,,,,
"MIT Academy of Engineering,Alandi, Pune",Civil Engineering,"89.62
","88.37
","77.15
","87.04
","87.85
","84.49
","0
","94.35
",,,,,,,
"K. E. Society's Rajarambapu Institute of Technology, Walwa, Sangli",Civil Engineering,"88.97
","78.19
","28.12
","61.9
","82.84
","83.27
","0
","94.5
",,,,,,,
"Kolhapur Institute of Technology's College of Engineering(Autonomous), Kolhapur",Civil Engineering,"84.84
","35.21
","77.26
","45.98
","71.39
","79.11
","68.02
","91.91
",,,,,,,
"Yeshwantrao Chavan College of Engineering,Wanadongri, Nagpur",Civil Engineering,"82.36
","77.51
","33.8
","77.3
","71.84
","61.54
","30.42
","90.43
",,,,,,,
"Thakur College of Engineering and Technology, Kandivali, Mumbai",Civil Engineering,"82.18
","0
","0
","0
","0
","0
","0
","88.58
",,,,,,,
"Jaywant Shikshan Prasarak Mandal's,Rajarshi Shahu College of Engineering, Tathawade, Pune",Civil Engineering,"71.94
","53.31
","12.12
","37.75
","69.78
","66.79
","67.4
","85.05
",,,,,,,
"Ankush Shikshan Sanstha's G.H.Raisoni College of Engineering, Nagpur",Civil Engineering,"66.3
","0
","0
","0
","0
","0
","0
","85.28
",,,,,,,
"Annasaheb Dange College of Engineering and Technology, Ashta, Sangli",Civil Engineering,"61.9
","13.47
","17.88
","8.25
","22.63
","15.04
","0
","82.1
",,,,,,,
"Sanjivani Rural Education Society's Sanjivani College of Engineering, Kopargaon",Civil Engineering,"54.92
","32.22
","14.16
","12.55
","20.56
","1.12
","48.25
","90.19
",,,,,,,
"G.H.Raisoni College of Engineering & Management, Wagholi, Pune",Civil Engineering,"36.82
","0
","0
","0
","0
","0
","0
","72.29
",,,,,,,
"Dattajirao Kadam Technical Education Society's Textile & Engineering Institute, Ichalkaranji.",Civil Engineering,"35.55
","19.05
","25.65
","0.71
","13.94
","30.2
","0
","90.1
",,,,,,,
"Vidya Prasarini Sabha's College of Engineering & Technology, Lonavala",Civil Engineering,0 ,0 ,"0
","0
","0
",0,"0
","0
",,,,,,,
"College of Engineering, Pune",Mechanical Engineering,"99.72
","99.54
","94.03
","98.51
","99.57
","99.41
","99.54
","99.83
",,,,,,,
"Veermata Jijabai Technological Institute (VJTI), Matunga, Mumbai",Mechanical Engineering,"99.66
","99.37
","92.28
","97.95
","98.6
","99.23
","99.49
","99.67
",,,,,,,
"Sardar Patel College of Engineering, Andheri",Mechanical Engineering,"99.49
","98.7
","85.66
","95.88
","98.36
","97.68
","98.31
","99.51
",,,,,,,
"Walchand College of Engineering, Sangli",Mechanical Engineering,"99
","98.72
","74.95
","95.93
","98.32
","98.6
","98.63
","99.07
",,,,,,,
"Bansilal Ramnath Agarawal Charitable Trust's Vishwakarma Institute of Technology, Bibwewadi, Pune",Mechanical Engineering,"98.5
","97.91
","27.34
","93.68
","96.43
","96.28
","97.66
","98.59
",,,,,,,
"K.J.Somaiya College of Engineering, Vidyavihar, Mumbai",Mechanical Engineering,"98.42
","0
","0
","0
","0
","0
","0
","98.42
",,,,,,,
"Government College of Engineering, Aurangabad",Mechanical Engineering,"97.92
","96.67
","34.38
","92.13
","96.51
","94.9
","95.84
","97.85
",,,,,,,
"Government College of Engineering, Karad",Mechanical Engineering,"97.56
","96.82
","44.77
","90.47
","93.95
","95.25
","95.9
","97.98
",,,,,,,
"Shri Ramdeobaba College of Engineering and Management, Nagpur",Mechanical Engineering,"96.73
","0
","0
","0
","0
","0
","0
","97.46
",,,,,,,
"Government College of Engineering, Amravati",Mechanical Engineering,"96.67
","95.89
","68.34
","93.21
","93.55
","93.26
","93.73
","96.37
",,,,,,,
"B.R.A.C.T's Vishwakarma Institute of Information Technology, Kondhwa (Bk.), Pune",Mechanical Engineering,"96
","94.48
","23.95
","88.74
","91.9
","93.99
","92.77
","96.83
",,,,,,,
"Shri Guru Gobind Singhji Institute of Engineering and Technology, Nanded",Mechanical Engineering,"95.64
","94.93
","10.93
","91.44
","93.19
","93.89
","95.06
","97.66
",,,,,,,
"MIT Academy of Engineering,Alandi, Pune",Mechanical Engineering,"92.12
","89.26
","28.9
","80.89
","87.57
","89.53
","88.07
","94.98
",,,,,,,
"Thakur College of Engineering and Technology, Kandivali, Mumbai",Mechanical Engineering,"91.54
","0
","0
","0
","0
","0
","0
","96.02
",,,,,,,
"Government College of Engineering, Jalgaon",Mechanical Engineering,"91.18
","89.86
","24.5
","82.57
","83.21
","88.84
","87.49
","93.49
",,,,,,,
"Yeshwantrao Chavan College of Engineering,Wanadongri, Nagpur",Mechanical Engineering,"89.09
","83.81
","12.63
","81.5
","86.49
","59.8
","86.25
","91.86
",,,,,,,
"K. E. Society's Rajarambapu Institute of Technology, Walwa, Sangli",Mechanical Engineering,"87.27
","71.49
","80.52
","44.9
","64.23
","83.29
","73.14
","93.32
",,,,,,,
"Jaywant Shikshan Prasarak Mandal's,Rajarshi Shahu College of Engineering, Tathawade, Pune",Mechanical Engineering,"77.87
","63.01
","30.87
","16.47
","45.28
","57.64
","70.97
","90.48
",,,,,,,
"Kolhapur Institute of Technology's College of Engineering(Autonomous), Kolhapur",Mechanical Engineering,"75.05
","32.17
","56.03
","22.77
","19.14
","59.5
","34.04
","92.91
",,,,,,,
"Sanjivani Rural Education Society's Sanjivani College of Engineering, Kopargaon",Mechanical Engineering,"72
","59.61
","54.69
","8.44
","17.3
","40.91
","49.57
","91.89
",,,,,,,
"Ankush Shikshan Sanstha's G.H.Raisoni College of Engineering, Nagpur",Mechanical Engineering,"56.14
","0
","0
","0
","0
","0
","0
","85.74
",,,,,,,
"Dattajirao Kadam Technical Education Society's Textile & Engineering Institute, Ichalkaranji.",Mechanical Engineering,"26.22
","7.92
","7.27
","4.06
","16.75
","25.4
","9.37
","79.67
",,,,,,,
"G.H.Raisoni College of Engineering & Management, Wagholi, Pune",Mechanical Engineering,"24.73
","0
","0
","0
","0
","0
","0
","80.37
",,,,,,,
"Annasaheb Dange College of Engineering and Technology, Ashta, Sangli",Mechanical Engineering,"16.78
","3.04
","0
","0.7
","7.15
","10.47
","3.1
","75.41
",,,,,,,
"MKSSS's Cummins College of Engineering for Women, Karvenagar,Pune",Mechanical Engineering,"0
","0
","0
","0
","0
","0
","0
","0
",,,,,,,
"MET Bhujbal Knowledge City MET League's Engineering College, Adgaon, Nashik. Un Aided",Mechanical Engineering,55.44 ,35.54 ,"4.37
","0
","0
","0
","34.7
","83.23
",,,,,,,
"Maulana Mukhtar Ahmad Nadvi Technical Campus, Malegaon.",Mechanical Engineering,54.85 ,0 ,"0
","0
","0
","0
","0
","0
",,,,,,,
"Adsul's Technical Campus, Chas Dist. Ahmednagar",Mechanical Engineering,54.83 ,0 ,"0
","0
","0
","0
","0
","0
",,,,,,,
"Matoshri College of Engineering and Research Centre, Eklahare, Nashik",Mechanical Engineering,50.83 ,40.24 ,"0
","30.39
","0
","14.75
","51.38
","82.78
",,,,,,,
"Sanghavi College of Engineering, Varvandi, Nashik.",Mechanical Engineering,49.26 ,0 ,"0
","0
","0
","0
","0
","0
",,,,,,,
"Vidya Pratishthan's Kamalnayan Bajaj Institute of Engineering & Technology, Baramati Dist.Pune",Mechanical Engineering,49.06 ,2.09 ,"42.74
","9.79
","0
","25.76
","0
","95.44
",,,,,,,
"Pravara Rural College of Engineering, Loni, Pravaranagar, Ahmednagar.",Mechanical Engineering,48.88 ,20.08 ,"0
","16.73
","29.29
","0
","38.7
","89.84
",,,,,,,
"Dr. D. Y. Patil Vidya Pratishthan Society Dr .D. Y. Patil Institute of Engineering & Technology, Pimpri,Pune",Mechanical Engineering,48.67 ,22.76 ,"18.89
","2.12
","0
","30
","56.62
","91.06
",,,,,,,
"Anantrao Pawar College of Engineering & Research, Pune",Mechanical Engineering,45.57 ,0 ,"0
","0
","0
","0
","0
","0
",,,,,,,
"SKN Sinhgad Institute of Technology & Science, Kusgaon(BK),Pune.",Mechanical Engineering,43.11 ,0 ,"0
","0
","0
","0
","0
","0
",,,,,,,
"Hon. Shri. Babanrao Pachpute Vichardhara Trust, Group of Institutions (Integrated Campus) Parikrama, Kashti Shrigondha,",Mechanical Engineering,40.57 ,0 ,"0
","0
","0
","0
","0
","0
",,,,,,,
"Vidya Niketan College of Engineering, Bota Sangamner",Mechanical Engineering,40.2 ,0 ,"0
","0
","0
","0
","0
","0
",,,,,,,
"G. H.Raisoni Institute of Engineering and Technology, Wagholi, Pune",Mechanical Engineering,36.05 ,0 ,"0
","0
","0
","0
","0
","76.41
",,,,,,,
"Shree Gajanan Maharaj Shikshan Prasarak Mandal Sharadchandra Pawar College of Engineering, Dumbarwadi",Mechanical Engineering,32.93 ,0 ,"0
","0
","0
","0
","0
","0
",,,,,,,
"Ahmednagar Jilha Maratha Vidya Prasarak Samajache, Shri. Chhatrapati Shivaji Maharaj College of Engineering, Nepti",Mechanical Engineering,30.81 ,0 ,"0
","0
","0
","0
","0
","64.76
",,,,,,,
"Brahma Valley College of Engineering & Research, Trimbakeshwar, Nashik",Mechanical Engineering,30.79 ,0 ,"0
","0
","0
","0
","0
","0
",,,,,,,
"Pune Vidyarthi Griha's College Of Engineering, Nashik",Mechanical Engineering,30.79 ,5.2 ,"0
","0
","0
","0
","0
","0
",,,,,,,
"Pravara Rural Education Society's Sir Visvesvaraya Institute of Technology, Chincholi Dist. Nashik",Mechanical Engineering,30.05 ,0 ,"0
","0
","0
","0
","0
","0
",,,,,,,
"Sandip Foundation's, Sandip Institute of Engineering & Management, Nashik",Mechanical Engineering,28.02 ,0 ,"0
","0
","0
","0
","0
","0
",,,,,,,
Navsahyadri Education Society's Group of Institutions,Mechanical Engineering,27.53 ,0 ,"0
","0
","0
","0
","0
","0
",,,,,,,
"Jayawant Shikshan Prasarak Mandal, Bhivarabai Sawant Institute of Technology & Research, Wagholi",Mechanical Engineering,27.52 ,0 ,"0
","0
","0
","0
","0
","51.03
",,,,,,,
"Padmashri Dr. Vithalrao Vikhe Patil College of Engineering, Ahmednagar",Mechanical Engineering,26.47 ,9.72 ,"0
","29.15
","58.8
","26.47
","25.83
","90.2
",,,,,,,
"Sinhgad Academy of Engineering, Kondhwa (BK) Kondhwa Saswad Road, Pune",Mechanical Engineering,25.96 ,0 ,"0
","0
","0
","0
","0
","0
",,,,,,,
"TSSM's Bhivarabai Sawant College of Engineering and Research, Narhe, Pune",Mechanical Engineering,25.45 ,0 ,"0
","0
","0
","0
","0
","84.59
",,,,,,,
"D. Y. Patil College of Engineering, Ambi, Talegaon, Maval",Mechanical Engineering,24.2 ,0 ,"0
","0
","0
","0
","0
","0
",,,,,,,
"Dr. D. Y. Patil Educational Academy's, D.Y.Patil School of Engineering Academy, Ambi",Mechanical Engineering,22.35 ,0 ,"0
","0
","0
","0
","0
","0
",,,,,,,
"Sinhgad Technical Education Society's Smt. Kashibai Navale College of Engineering,Vadgaon,Pune",Mechanical Engineering,22.15 ,0.46 ,"0
","0
","0
","0
","13.73
","73.14
",,,,,,,
"Rasiklal M. Dhariwal Sinhgad Technical Institutes Campus, Warje, Pune.",Mechanical Engineering,22.15 ,0 ,"0
","0
","0
","0
","0
","0
",,,,,,,
"K. J.'s Educational Institut Trinity College of Engineering and Research, Pisoli, Haveli",Mechanical Engineering,18.48 ,0 ,"0
","0
","0
","0
","0
","0
",,,,,,,
"Dattakala Group Of Institutions, Swami Chincholi Tal. Daund Dist. Pune",Mechanical Engineering,18.38 ,0 ,"0
","0
","0
","0
","0
","0
",,,,,,,
"Genba Sopanrao Moze College of Engineering, Baner Balewadi, Pune",Mechanical Engineering,17.85 ,0 ,"0
","0
","0
","0
","0
","0
",,,,,,,
"I.S.B.& M. School of Technology, Nande Village",Mechanical Engineering,16.61 ,0 ,"0
","0
","0
","0
","0
","0
",,,,,,,
"JSPM's Imperial College of Engineering and Research, Wagholi, Pune",Mechanical Engineering,16.16 ,0 ,"0
","0
","0
","0
","0
","74.05
",,,,,,,
"JSPM Narhe Technical Campus, Pune.",Mechanical Engineering,16.04 ,0 ,"0
","0
","0
","0
","0
","78.36
",,,,,,,
"Guru Gobind Singh College of Engineering & Research Centre, Nashik.",Mechanical Engineering,14.9 ,6.78 ,"0
","0
","0
","0
","0
","56.99
",,,,,,,
"Shree Ramchandra College of Engineering, Lonikand,Pune",Mechanical Engineering,14.64 ,0 ,"0
","0
","0
","0
","0
","0
",,,,,,,
"JSPM'S Jaywantrao Sawant College of Engineering,Pune",Mechanical Engineering,12.98 ,1.28 ,"0
","7.78
","0
","19.69
","37.14
","78.08
",,,,,,,
"Dhole Patil Education Society, Dhole Patil College of Engineering, Wagholi, Tal. Haveli",Mechanical Engineering,11.68 ,0 ,"0
","0
","0
","0
","0
","28.36
",,,,,,,
"Sinhgad Technical Education Society, Sinhgad Institute of Technology and Science, Narhe (Ambegaon)",Mechanical Engineering,10.42 ,0 ,"0
","0
","0
","0
","0
","0
",,,,,,,
"Jagadamba Education Soc. Nashik's S.N.D. College of Engineering & Reserch, Babulgaon",Mechanical Engineering,9.92 ,0 ,"0
","0
","0
","0
","0
","0
",,,,,,,
"SNJB's Late Sau. Kantabai Bhavarlalji Jain College of Engineering, (Jain Gurukul), Neminagar,Chandwad, (Nashik)",Mechanical Engineering,9.66 ,0 ,"0
","0
","0
","0
","0
","71.75
",,,,,,,
"Jawahar Education Society's Institute of Technology, Management & Research, Nashik.",Mechanical Engineering,9.25 ,0 ,"0
","0
","0
","0
","0
","0
",,,,,,,
"Gokhale Education Society's, R.H. Sapat College of Engineering, Management Studies and Research, Nashik",Mechanical Engineering,8.47 ,1.35 ,"0
","0
","0
","0
","0
","86.5
",,,,,,,
"Sandip Foundation, Sandip Institute of Technology and Research Centre, Mahiravani, Nashik",Mechanical Engineering,8.45 ,6.79 ,"0
","0
","0
","10.05
","30.86
","85.91
",,,,,,,
"Dr. D. Y. Patil School OF Engineering, Lohegaon, Pune",Mechanical Engineering,7.92 ,0 ,"0
","0
","0
","0
","0
","0
",,,,,,,
"Choudhary Attar Singh Yadav Memorial Trust,Siddhant College of Engineering, Maval",Mechanical Engineering,7.77 ,0 ,"0
","0
","0
","0
","0
","0
",,,,,,,
"Shivnagar Vidya Prasarak Mandal's College of Engineering, Malegaon Baramati",Mechanical Engineering,6.04 ,11.04 ,"0
","7.35
","0
","9.4
","0
","48.27
",,,,,,,
"Amruta Vaishnavi Education & Welfare Trust's Shatabdi Institute of Engineering & Research, Agaskhind Tal. Sinnar",Mechanical Engineering,5.16 ,0 ,"0
","0
","0
","0
","0
","0
",,,,,,,
"NBN Sinhgad Technical Institutes Campus, Pune",Mechanical Engineering,4.83 ,0 ,"0
","0
","0
","0
","0
","0
",,,,,,,
"K.J.'s Educational Institute's K.J.College of Engineering & Management Research, Pisoli",Mechanical Engineering,4.78 ,0 ,"0
","0
","0
","0
","0
","0
",,,,,,,
"Nutan Maharashtra Vidya Prasarak Mandal, Nutan Maharashtra Institute of Engineering &Technology, Talegaon station, Pune",Mechanical Engineering,4.57 ,0 ,"0
","0
","0
","0
","0
","44.31
",,,,,,,
"TSSMS's Pd. Vasantdada Patil Institute of Technology, Bavdhan, Pune",Mechanical Engineering,4.48 ,0 ,"0
","0
","0
","0
","0
","60.53
",,,,,,,
"Rajgad Dnyanpeeth's Technical Campus,Dhangwadi, Bhor",Mechanical Engineering,4.23 ,0 ,"0
","0
","0
","0
","0
","0
",,,,,,,
"Pune District Education Association's College of Engineering, Pune",Mechanical Engineering,3.93 ,0 ,"0
","0
","0
","0
","0
","0
",,,,,,,
"Shahajirao Patil Vikas Pratishthan, S.B.Patil College of Engineering, Vangali, Tal. Indapur",Mechanical Engineering,3.25 ,0 ,"0
","0
","0
","0
","0
","0
",,,,,,,
"D. Y. Patil Institute of Engineering and Technology, Ambi",Mechanical Engineering,3.06 ,0 ,"0
","0
","0
","0
","0
","0
",,,,,,,
"Marathwada Mitra Mandal's Institute of Technology, Lohgaon, Pune",Mechanical Engineering,2.96 ,0 ,"0
","0
","0
","0
","0
","0
",,,,,,,
"Shri.Someshwar Shikshan Prasarak Mandals, Someshwar Engineering College, Someshwar Nagar",Mechanical Engineering,2.63 ,0 ,"0
","0
","0
","0
","0
","0
",,,,,,,
"Zeal Education Society's Zeal College of Engineering & Reserch, Narhe, Pune",Mechanical Engineering,2 ,2 ,"0
","7.15
","0
","0
","0
","55.34
",,,,,,,
"Keystone School of Engineering, Pune",Mechanical Engineering,1.12 ,0 ,"0
","0
","0
","0
","0
","27.03
",,,,,,,
"Indira College of Engineering & Management, Pune",Mechanical Engineering,1.05 ,0 ,"0
","0
","0
","0
","0
","73.68
",,,,,,,
"Suman Ramesh Tulsiani Technical Campus: Faculty of Engineering, Kamshet,Pune.",Mechanical Engineering,0 ,0 ,"0
","0
","0
","0
","0
","2.68
",,,,,,,
"Sahyadri Valley College of Engineering & Technology, Rajuri, Pune.",Mechanical Engineering,0 ,0 ,"0
","0
","0
","0
","0
","0
",,,,,,,
"Universal College of Engineering & Research, Sasewadi",Mechanical Engineering,0 ,0 ,"0
","0
","0
","0
","0
","0
",,,,,,,
"Alard Charitable Trust's Alard College of Engineering and Management, Pune",Mechanical Engineering,0 ,0 ,"0
","0
","0
","0
","0
","0
",,,,,,,
"Al Ameen Educational and Medical Foundation, College of Engineering, Koregaon, Bhima",Mechanical Engineering,0 ,0 ,"0
","0
","0
","0
","0
","0
",,,,,,,
"Kalyani Charitable Trust, Late Gambhirrao Natuba Sapkal College of Engineering, Anjaneri, Trimbakeshwar Road, Nashik",Mechanical Engineering,0 ,0 ,"0
","0
","0
","0
","0
","0
",,,,,,,
"Vishwabharati Academy's College of Engineering, Ahmednagar",Mechanical Engineering,0 ,0 ,"0
","0
","0
","0
","0
","0
",,,,,,,
"Vidya Prasarini Sabha's College of Engineering & Technology, Lonavala",Mechanical Engineering,0 ,0 ,"0
","0
","0
","0
","0
","0
",,,,,,,
"Pune Vidyarthi Griha's College of Engineering and Technology, Pune",Electrical Engineering,95.22 ,94.04 ,"92.46
","28.51
","44.87
","85.84
","0
","95.35
",,,,,,,
"Amrutvahini Sheti & Shikshan Vikas Sanstha's Amrutvahini College of Engineering, Sangamner",Electrical Engineering,90.73 ,87.52 ,"87.38
","22.76
","83.15
","81.95
","0
","91.05
",,,,,,,
"K. K. Wagh Institute of Engineering Education and Research, Nashik",Electrical Engineering,87.3 ,90.41 ,"70.12
","23.95
","0
","85.74
","85.52
","91.72
",,,,,,,
"Progressive Education Society's Modern College of Engineering, Pune",Electrical Engineering,86.67 ,66 ,"24.75
","16.14
","0
","62.24
","46.1
","84.09
",,,,,,,
"Dr. D. Y. Patil Vidya Pratishthan Society Dr .D. Y. Patil Institute of Engineering & Technology, Pimpri,Pune",Electrical Engineering,81.11 ,35.75 ,"8.74
","60.16
","9.49
","0
","48.86
","89.6
",,,,,,,
"Jagadamba Education Soc. Nashik's S.N.D. College of Engineering & Reserch, Babulgaon",Electrical Engineering,78.34 ,0 ,"0
","0
","0
","0
","0
","0
",,,,,,,
"All India Shri Shivaji Memorial Society's College of Engineering, Pune",Electrical Engineering,77.99 ,57.76 ,"73.71
","21.94
","28.28
","69.95
","21.42
","91.89
",,,,,,,
"Jawahar Education Society's Institute of Technology, Management & Research, Nashik.",Electrical Engineering,72.39 ,0 ,"0
","0
","0
","0
","0
","0
",,,,,,,
"Vidya Pratishthan's Kamalnayan Bajaj Institute of Engineering & Technology, Baramati Dist.Pune",Electrical Engineering,72.29 ,4.71 ,"15.68
","25.86
","0
","0
","2.05
","73.34
",,,,,,,
"Marathwada Mitra Mandal's College of Engineering, Karvenagar, Pune",Electrical Engineering,69.91 ,32.36 ,"21.11
","11.36
","0
","15.24
","0
","76.58
",,,,,,,
"Pravara Rural Education Society's Sir Visvesvaraya Institute of Technology, Chincholi Dist. Nashik",Electrical Engineering,69 ,14.22 ,"0
","0
","0
","0
","55.88
","77.09
",,,,,,,
"Kalyani Charitable Trust, Late Gambhirrao Natuba Sapkal College of Engineering, Anjaneri, Trimbakeshwar Road, Nashik",Electrical Engineering,68.72 ,0 ,"0
","0
","0
","0
","0
","0
",,,,,,,
"Hon. Shri. Babanrao Pachpute Vichardhara Trust, Group of Institutions (Integrated Campus) Parikrama, Kashti Shrigondha,",Electrical Engineering,67.79 ,0 ,"0
","0
","0
","0
","0
","0
",,,,,,,
"Brahma Valley College of Engineering & Research, Trimbakeshwar, Nashik",Electrical Engineering,63.04 ,0 ,"0
","0
","0
","0
","0
","0
",,,,,,,
"Guru Gobind Singh College of Engineering & Research Centre, Nashik.",Electrical Engineering,60.56 ,0 ,"0
","0
","0
","0
","0
","49.29
",,,,,,,
"MET Bhujbal Knowledge City MET League's Engineering College, Adgaon, Nashik. Un Aided",Electrical Engineering,58.38 ,2.51 ,"29.68
","17.99
","8.53
","26.47
","0
","90.87
",,,,,,,
"Jayawant Shikshan Prasarak Mandal, Bhivarabai Sawant Institute of Technology & Research, Wagholi",Electrical Engineering,57.22 ,18.38 ,"0
","0
","0
","0
","0
","71.65
",,,,,,,
"All India Shri Shivaji Memorial Society's Institute of Information Technology,Pune",Electrical Engineering,44.77 ,25.23 ,"38.9
","19.34
","24.01
","19.62
","0
","91.29
",,,,,,,
"Sinhagad Institute of Technology, Lonavala",Electrical Engineering,44.25 ,0 ,"0
","0
","0
","0
","0
","83.44
",,,,,,,
"G. H.Raisoni Institute of Engineering and Technology, Wagholi, Pune",Electrical Engineering,41.84 ,0 ,"0
","0
","0
","0
","0
","45.83
",,,,,,,
"Dattakala Group Of Institutions, Swami Chincholi Tal. Daund Dist. Pune",Electrical Engineering,38.36 ,0 ,"0
","0
","0
","0
","0
","0
",,,,,,,
"Maulana Mukhtar Ahmad Nadvi Technical Campus, Malegaon.",Electrical Engineering,37.57 ,0 ,"0
","0
","0
","0
","0
","0
",,,,,,,
"Sanghavi College of Engineering, Varvandi, Nashik.",Electrical Engineering,34.6 ,0 ,"0
","0
","0
","0
","0
","0
",,,,,,,
"NBN Sinhgad Technical Institutes Campus, Pune",Electrical Engineering,34.19 ,0 ,"0
","0
","0
","0
","0
","82.52
",,,,,,,
"TSSM's Bhivarabai Sawant College of Engineering and Research, Narhe, Pune",Electrical Engineering,32.17 ,0 ,"0
","0
","0
","0
","0
","0
",,,,,,,
"Amruta Vaishnavi Education & Welfare Trust's Shatabdi Institute of Engineering & Research, Agaskhind Tal. Sinnar",Electrical Engineering,30.31 ,0 ,"0
","0
","0
","0
","0
","10.77
",,,,,,,
"JSPM'S Jaywantrao Sawant College of Engineering,Pune",Electrical Engineering,29.35 ,9.63 ,"8.74
","8.79
","0
","0
","0
","92.33
",,,,,,,
"K.V.N. Naik S. P. Sansth's Loknete Gopinathji Munde Institute of Engineering Education & Research, Nashik.",Electrical Engineering,28.67 ,0 ,"0
","0
","0
","0
","0
","0
",,,,,,,
"Matoshri College of Engineering and Research Centre, Eklahare, Nashik",Electrical Engineering,28.43 ,0 ,"0
","0
","0
","0
","0
","0
",,,,,,,
"Shahajirao Patil Vikas Pratishthan, S.B.Patil College of Engineering, Vangali, Tal. Indapur",Electrical Engineering,24.15 ,0 ,"0
","0
","0
","0
","0
","85.94
",,,,,,,
"Gokhale Education Society's, R.H. Sapat College of Engineering, Management Studies and Research, Nashik",Electrical Engineering,21.7 ,0.41 ,"0
","0
","0
","0
","0
","83.26
",,,,,,,
"G. H. Raisoni College of Engineering and Management, Ahmednagar",Electrical Engineering,21.21 ,0 ,"0
","0
","0
","0
","0
","0
",,,,,,,
"Adsul's Technical Campus, Chas Dist. Ahmednagar",Electrical Engineering,18.61 ,0 ,"0
","0
","0
","0
","0
","0
",,,,,,,
"Zeal Education Society's Zeal College of Engineering & Reserch, Narhe, Pune",Electrical Engineering,17.28 ,0 ,"0
","0
","0
","0
","0
","33.77
",,,,,,,
"D. Y. Patil Institute of Engineering and Technology, Ambi",Electrical Engineering,16.18 ,0 ,"0
","0
","0
","0
","0
","30.32
",,,,,,,
"Sandip Foundation's, Sandip Institute of Engineering & Management, Nashik",Electrical Engineering,9.58 ,31.16 ,"0
","0
","0
","0
","0
","86.83
",,,,,,,
"Shivnagar Vidya Prasarak Mandal's College of Engineering, Malegaon Baramati",Electrical Engineering,7.46 ,6.26 ,"0
","3.78
","0
","0.33
","0
","70.9
",,,,,,,
"Shri.Someshwar Shikshan Prasarak Mandals, Someshwar Engineering College, Someshwar Nagar",Electrical Engineering,5.49 ,0 ,"0
","0
","0
","0
","0
","57.72
",,,,,,,
"Padmashri Dr. Vithalrao Vikhe Patil College of Engineering, Ahmednagar",Electrical Engineering,5.2 ,22.56 ,"0
","14.12
","0
","56.54
","34.37
","86.6
",,,,,,,
"Shree Ramchandra College of Engineering, Lonikand,Pune",Electrical Engineering,3.8 ,0 ,"0
","0
","0
","0
","0
","0
",,,,,,,
"Sandip Foundation, Sandip Institute of Technology and Research Centre, Mahiravani, Nashik",Electrical Engineering,3.49 ,9.58 ,"0
","0
","0
","0
","7.11
","81.45
",,,,,,,
Navsahyadri Education Society's Group of Institutions,Electrical Engineering,1 ,0 ,"0
","0
","0
","0
","0
","49.1
",,,,,,,
"Alard Charitable Trust's Alard College of Engineering and Management, Pune",Electrical Engineering,0 ,0 ,"0
","0
","0
","0
","0
","0
",,,,,,,
"K.J.'s Educational Institute's K.J.College of Engineering & Management Research, Pisoli",Electrical Engineering,0 ,0 ,"0
","0
","0
","0
","0
","0
",,,,,,,
"K. J.'s Educational Institut Trinity College of Engineering and Research, Pisoli, Haveli",Electrical Engineering,0 ,0 ,"0
","0
","0
","0
","0
","0
",,,,,,,
"Rajiv Gandhi College of Engineering, At Post Karjule Hariya Tal.Parner, Dist.Ahmednagar",Electrical Engineering,0 ,0 ,"0
","0
","0
","0
","0
","0
",,,,,,,
"Vidya Niketan College of Engineering, Bota Sangamner",Electrical Engineering,0 ,0 ,"0
","0
","0
","0
","0
","0
",,,,,,,
"Veermata Jijabai Technological Institute (VJTI), Matunga, Mumbai",Information Technology,"99.9
","99.64
","91.71
","98.16
","99.4
","99.25
","99.73
","99.9
",,,,,,,
"Bhartiya Vidya Bhavan's Sardar Patel Institute of Technology , Andheri, Mumbai",Information Technology,"99.76
","98.97
","89.15
","96.43
","97.48
","99.04
","0
","99.76
",,,,,,,
"Bansilal Ramnath Agarawal Charitable Trust's Vishwakarma Institute of Technology, Bibwewadi, Pune",Information Technology,"99.14
","98.9
","77.41
","95.97
","97.48
","0
","98.31
","99.33
",,,,,,,
"Walchand College of Engineering, Sangli",Information Technology,"99.07
","98.86
","70.9
","95.61
","97.33
","98.37
","98.38
","99.2
",,,,,,,
"K.J.Somaiya College of Engineering, Vidyavihar, Mumbai",Information Technology,"98.96
","0
","0
","0
","0
","0
","0
","99.08
",,,,,,,
"Government College of Engineering, Aurangabad",Information Technology,"97.95
","97.57
","17.26
","92.89
","93.68
","94.99
","97.12
","98.49
",,,,,,,
"Shri Ramdeobaba College of Engineering and Management, Nagpur",Information Technology,"97.8
","0
","0
","0
","0
","0
","0
","97.55
",,,,,,,
"B.R.A.C.T's Vishwakarma Institute of Information Technology, Kondhwa (Bk.), Pune",Information Technology,"97.43
","96.95
","4.84
","90.67
","93.86
","95.52
","96.49
","97.61
",,,,,,,
"Shri Guru Gobind Singhji Institute of Engineering and Technology, Nanded",Information Technology,"96.85
","96.51
","18.21
","90.92
","95.09
","94.97
","95.23
","96.58
",,,,,,,
"Government College of Engineering, Amravati",Information Technology,"96.8
","96.72
","59.94
","92.85
","94.53
","93.64
","0
","97.37
",,,,,,,
"MIT Academy of Engineering,Alandi, Pune",Information Technology,"96.75
","95.94
","47.94
","89.37
","91.13
","92.55
","0
","96.62
",,,,,,,
"Government College of Engineering, Karad",Information Technology,"96.64
","96.52
","33.61
","89.94
","95.37
","95.89
","95.83
","98.8
",,,,,,,
"Thakur College of Engineering and Technology, Kandivali, Mumbai",Information Technology,"95.47
","0
","0
","0
","0
","0
","0
","97.06
",,,,,,,
"Yeshwantrao Chavan College of Engineering,Wanadongri, Nagpur",Information Technology,"93.99
","92.99
","16.32
","90.48
","91.58
","87.81
","0
","95.46
",,,,,,,
"Jaywant Shikshan Prasarak Mandal's,Rajarshi Shahu College of Engineering, Tathawade, Pune",Information Technology,"92.86
","91.38
","92.12
","69.85
","87.84
","87.62
","91.4
","94.36
",,,,,,,
"Sanjivani Rural Education Society's Sanjivani College of Engineering, Kopargaon",Information Technology,"87.8
","86.52
","87.5
","50.92
","0
","83.41
","85.07
","96.21
",,,,,,,
"Ankush Shikshan Sanstha's G.H.Raisoni College of Engineering, Nagpur",Information Technology,"81.14
","0
","0
","0
","0
","0
","0
","90.86
",,,,,,,
"G.H.Raisoni College of Engineering & Management, Wagholi, Pune",Information Technology,"71.68
","0
","0
","0
","0
","0
","0
","90.93
",,,,,,,
"MKSSS's Cummins College of Engineering for Women, Karvenagar,Pune",Information Technology,"0
","0
","0
","0
","0
","0
","0
","0
",,,,,,,
"Jayawant Shikshan Prasarak Mandal, Bhivarabai Sawant Institute of Technology & Research, Wagholi",Information Technology,78.27 ,75.96 ,"65.76
","10.9
","0
","31.09
","34.63
","91.05
",,,,,,,
"MET Bhujbal Knowledge City MET League's Engineering College, Adgaon, Nashik. Un Aided",Information Technology,77.57 ,73.96 ,"71.84
","35.35
","0
","0
","0
","96.85
",,,,,,,
"Nutan Maharashtra Vidya Prasarak Mandal, Nutan Maharashtra Institute of Engineering &Technology, Talegaon station, Pune",Information Technology,75.99 ,89.39 ,"90.04
","23.19
","28.11
","0
","51.74
","91.45
",,,,,,,
"Pune District Education Association's College of Engineering, Pune",Information Technology,75.18 ,57.83 ,"70.86
","9.96
","0
","19.36
","31.71
","81.19
",,,,,,,
"NBN Sinhgad Technical Institutes Campus, Pune",Information Technology,71.94 ,52.72 ,"39.84
","9.51
","43.79
","0
","0
","89.75
",,,,,,,
"Sinhgad Academy of Engineering, Kondhwa (BK) Kondhwa Saswad Road, Pune",Information Technology,71.07 ,60.6 ,"70.11
","9.96
","40.08
","0
","50.37
","89.86
",,,,,,,
"Pravara Rural Education Society's Sir Visvesvaraya Institute of Technology, Chincholi Dist. Nashik",Information Technology,69.89 ,42.29 ,"5.91
","57.23
","46.93
","52.53
","61.42
","89.46
",,,,,,,
"Sinhgad Technical Education Society, Sinhgad Institute of Technology and Science, Narhe (Ambegaon)",Information Technology,64.02 ,56.77 ,"52.99
","4.97
","0
","0
","61.72
","89.03
",,,,,,,
"Sandip Foundation, Sandip Institute of Technology and Research Centre, Mahiravani, Nashik",Information Technology,58.01 ,45.34 ,"51.8
","9.62
","0
","0
","73.51
","88.42
",,,,,,,
"Pune Vidyarthi Griha's College Of Engineering, Nashik",Information Technology,57.62 ,30.48 ,"28.99
","0
","0
","15.57
","0
","58.32
",,,,,,,
"Shivnagar Vidya Prasarak Mandal's College of Engineering, Malegaon Baramati",Information Technology,49.92 ,65.96 ,"68.17
","14.37
","34.88
","0
","0
","83.69
",,,,,,,
"Dhole Patil Education Society, Dhole Patil College of Engineering, Wagholi, Tal. Haveli",Information Technology,45.71 ,31.89 ,"0
","2.66
","41.19
","0
","0
","80.97
",,,,,,,
"G. H.Raisoni Institute of Engineering and Technology, Wagholi, Pune",Information Technology,39.88 ,0 ,"0
","0
","0
","0
","0
","90.58
",,,,,,,
"Jagadamba Education Soc. Nashik's S.N.D. College of Engineering & Reserch, Babulgaon",Information Technology,33.54 ,33.54 ,"25.39
","40.15
","53.39
","53.11
","53.86
","80.52
",,,,,,,
"Matoshri College of Engineering and Research Centre, Eklahare, Nashik",Information Technology,33.44 ,18.18 ,"27.62
","21.89
","0
","11.39
","0
","87.55
",,,,,,,
"Sinhagad Institute of Technology, Lonavala",Information Technology,33.12 ,4.09 ,"16.46
","15.82
","0
","0
","0
","84.45
",,,,,,,
"D. Y. Patil College of Engineering, Ambi, Talegaon, Maval",Information Technology,32.25 ,30.33 ,"30.93
","13.25
","31.62
","21.55
","0
","81.83
",,,,,,,
"Zeal Education Society's Zeal College of Engineering & Reserch, Narhe, Pune",Information Technology,31.86 ,31.07 ,"31.15
","21.49
","33.24
","12.4
","17.15
","82.74
",,,,,,,
"D. Y. Patil Institute of Engineering and Technology, Ambi",Information Technology,28.13 ,3.85 ,"11.44
","6.68
","0
","9.83
","0
","85.53
",,,,,,,
"Rasiklal M. Dhariwal Sinhgad Technical Institutes Campus, Warje, Pune.",Information Technology,27.75 ,24.75 ,"23.74
","22.15
","24.07
","9.22
","0
","86.8
",,,,,,,
"Anantrao Pawar College of Engineering & Research, Pune",Information Technology,25.41 ,0.68 ,"0
","9.44
","0
","0
","0
","64.94
",,,,,,,
"Genba Sopanrao Moze College of Engineering, Baner Balewadi, Pune",Information Technology,20.27 ,10.34 ,"5.39
","20.88
","0
","19.77
","0
","85.25
",,,,,,,
"K. J.'s Educational Institut Trinity College of Engineering and Research, Pisoli, Haveli",Information Technology,18.32 ,0.98 ,"18.26
","5.27
","0
","0
","0
","79.54
",,,,,,,
"Choudhary Attar Singh Yadav Memorial Trust,Siddhant College of Engineering, Maval",Information Technology,6.01 ,0 ,"0
","0
","0
","0
","0
","67.45
",,,,,,,
"Genba Sopanrao Moze Trust Parvatibai Genba Moze College of Engineering,Wagholi, Pune",Information Technology,0.56 ,8.09 ,"6.37
","13.16
","0
","0
","21.48
","69.79
",,,,,,,
"SKN Sinhgad Institute of Technology & Science, Kusgaon(BK),Pune.",Information Technology,0.48 ,12.97 ,"0
","0
","0
","0
","0
","61.72
",,,,,,,
"Bharati Vidyapeeth's College of Engineering for Women, Katraj, Dhankawadi, Pune",Information Technology,0 ,0 ,"0
","0
","0
","0
","0
","0
",,,,,,,
"Government College of Engineering & Research, Avasari Khurd",Instrumentation & Control Engineering,81.79,61.07,64.2,10.46,0,34.91,71.17,89.5,,,,,,,
"Nashik District Maratha Vidya Prasarak Samaj's Karmaveer Adv.Babaurao Ganpatrao Thakare College of Engineering, Nashik",Instrumentation & Control Engineering,33.94,17.93,0,6.29,0,0,0,48.63,,,,,,,
"Pravara Rural College of Engineering, Loni, Pravaranagar, Ahmednagar.",Instrumentation & Control Engineering,28.89,20.08,0,46.81,0,45.06,0,86.39,,,,,,,
"K. K. Wagh Institute of Engineering Education and Research, Nashik",Production Engineering,60.38,15.58,0,0,0,27.55,42.45,81.21,,,,,,,
"Amrutvahini Sheti & Shikshan Vikas Sanstha's Amrutvahini College of Engineering, Sangamner",Production Engineering,40.98,38.66,30.17,29.53,0,0,63.87,74.12,,,,,,,
"Sinhgad College of Engineering, Vadgaon (BK), Pune",Production Engineering,20.45,16.1,0,0,0,0,0,74.64,,,,,,,
"All India Shri Shivaji Memorial Society's College of Engineering, Pune",Chemical Engineering,86.72,81.65,84.62,43.33,57.26,89.29,0,92.95,,,,,,,
"K. K. Wagh Institute of Engineering Education and Research, Nashik",Chemical Engineering,86.32,83.23,78.83,47.67,78.46,65.74,0,92.7,,,,,,,
"Pad. Dr.D.Y.Patil Institute of Engineering, Management & Reseach, Akurdi, Pune",Chemical Engineering,82.07,70.54,78.98,19.55,17.38,75.22,0,91.94,,,,,,,
"Pravara Rural College of Engineering, Loni, Pravaranagar, Ahmednagar.",Chemical Engineering,67.02,49.31,39.96,48.46,33.7,30.62,0,89.21,,,,,,,
"Sinhgad College of Engineering, Vadgaon (BK), Pune",Chemical Engineering,60.48,32.26,14.48,25.51,0,47.1,55.15,92.17,,,,,,,
"Pravara Rural Education Society's Sir Visvesvaraya Institute of Technology, Chincholi Dist. Nashik",Chemical Engineering,42.13,56.74,0,33.26,0,0,0,88.33,,,,,,,
